id1,id2,tag,tag_counts,selfpairs,DegreePercentile1,DegreePercentile2,DegreePercentileProduct
Airuna,Jasmine,Airuna_Jasmine,1,0,1,0.444444444444444,0.432977681157344
Chris,Tes,Chris_Tes,1,0,0.444444444444444,1,0.446770577362261
Isabel,Sudha,Isabel_Sudha,1,0,0.444444444444444,1,0.456216411872589
Caleb,Edward,Caleb_Edward,1,0,1,0.444444444444444,0.485115608591265
Caleb,Foram,Caleb_Foram,1,0,1,1,0.990649918678796
Foram,Sudha,Foram_Sudha,1,0,1,1,0.994867119306852
Airuna,Tes,Airuna_Tes,1,0,1,1,1.01458948363102
