id1,id2,tag,tag_counts,selfpairs,DegreePercentile1,DegreePercentile2,DegreePercentileProduct
Foram,Isabel,Foram_Isabel,1,0,1,0.444444444444444,0.410050454101102
Edward,Tes,Edward_Tes,1,0,0.444444444444444,1,0.42442493018841
Foram,Jasmine,Foram_Jasmine,1,0,1,0.444444444444444,0.436180469422319
Chris,Sudha,Chris_Sudha,1,0,0.444444444444444,1,0.442097989235136
Caleb,Sudha,Caleb_Sudha,1,0,1,1,0.985629264366435
Airuna,Tes,Airuna_Tes,1,0,1,1,0.998405157556013
Airuna,Caleb,Airuna_Caleb,1,0,1,1,1.03480098804671
