"num","gc","samples"
1,0.532348804500703,"B_anthracis"
2,0.533333333333333,"B_cereus"
3,0.544061302681992,"B_halodurans"
4,0.550561797752809,"Bacillus_subtilis"
5,0.517543859649123,"C_acetobutyliticum"
6,0.529177718832891,"C_perfringenes"
7,0.527851458885942,"C_tetani"
8,0.528735632183908,"O_iheyensis"
9,0.591355599214145,"T_tengcongensis"
