id1,id2,tag,tag_counts,selfpairs,DegreePercentile1,DegreePercentile2,DegreePercentileProduct
Isabel,Sudha,Isabel_Sudha,1,0,0.444444444444444,1,0.424606272749178
Caleb,Chris,Caleb_Chris,1,0,1,0.444444444444444,0.431767180969753
Foram,Jasmine,Foram_Jasmine,1,0,1,0.444444444444444,0.446857538544539
Caleb,Edward,Caleb_Edward,1,0,1,0.444444444444444,0.464981546734224
Airuna,Sudha,Airuna_Sudha,1,0,1,1,0.952640777058528
Foram,Tes,Foram_Tes,1,0,1,1,1.04380776819116
Airuna,Tes,Airuna_Tes,1,0,1,1,1.05090195483974
