id1,id2,tag,tag_counts,selfpairs,DegreePercentile1,DegreePercentile2,DegreePercentileProduct
Edward,Isabel,Edward_Isabel,1,0,0.444444444444444,0.444444444444444,0.242656142130722
Chris,Tes,Chris_Tes,1,0,0.444444444444444,1,0.393399291029098
Jasmine,Sudha,Jasmine_Sudha,1,0,0.444444444444444,1,0.444468066358064
Airuna,Foram,Airuna_Foram,1,0,1,1,0.967351744030735
Caleb,Sudha,Caleb_Sudha,1,0,1,1,0.967365164491926
Foram,Tes,Foram_Tes,1,0,1,1,1.0112467865926
Airuna,Caleb,Airuna_Caleb,1,0,1,1,1.06032646936276
