id1,id2,tag,tag_counts,selfpairs,DegreePercentile1,DegreePercentile2,DegreePercentileProduct
Foram,Jasmine,Foram_Jasmine,1,0,1,0.444444444444444,0.41591626108826
Edward,Tes,Edward_Tes,1,0,0.444444444444444,1,0.44684657985257
Isabel,Tes,Isabel_Tes,1,0,0.444444444444444,1,0.454288254624649
Airuna,Chris,Airuna_Chris,1,0,1,0.444444444444444,0.459101374467903
Foram,Sudha,Foram_Sudha,1,0,1,1,0.976845916868289
Caleb,Sudha,Caleb_Sudha,1,0,1,1,0.979496168313496
Airuna,Caleb,Airuna_Caleb,1,0,1,1,0.988298168063535
