id1,id2,tag,tag_counts,selfpairs,DegreePercentile1,DegreePercentile2,DegreePercentileProduct
Isabel,Tes,Isabel_Tes,1,0,0.444444444444444,1,0.411247624596818
Edward,Sudha,Edward_Sudha,1,0,0.444444444444444,1,0.414994075813694
Chris,Sudha,Chris_Sudha,1,0,0.444444444444444,1,0.434627634969246
Foram,Jasmine,Foram_Jasmine,1,0,1,0.444444444444444,0.447380386549978
Caleb,Tes,Caleb_Tes,1,0,1,1,0.97297944536693
Airuna,Caleb,Airuna_Caleb,1,0,1,1,0.980068971852491
Airuna,Foram,Airuna_Foram,1,0,1,1,1.01193766554025
